coint_pvalue_gate,entry,exit_ratio,fold_0_fees_slippage,fold_0_max_dd,fold_0_round_trips,fold_0_sharpe,fold_0_trades,fold_0_turnover,fold_0_win_rate,fold_1_fees_slippage,fold_1_max_dd,fold_1_round_trips,fold_1_sharpe,fold_1_trades,fold_1_turnover,fold_1_win_rate,fold_2_fees_slippage,fold_2_max_dd,fold_2_round_trips,fold_2_sharpe,fold_2_trades,fold_2_turnover,fold_2_win_rate,fold_3_fees_slippage,fold_3_max_dd,fold_3_round_trips,fold_3_sharpe,fold_3_trades,fold_3_turnover,fold_3_win_rate,fold_4_fees_slippage,fold_4_max_dd,fold_4_round_trips,fold_4_sharpe,fold_4_trades,fold_4_turnover,fold_4_win_rate,half_life_max_bars,half_life_min_bars,in_sample_pnl,in_sample_sharpe,kalman_delta,kalman_obs_var,max_holding_half_lives,median_oos_sharpe,min_edge_cost_multiple,min_oos_sharpe,ofi_threshold,stop_ratio,trial_id
0.1000000000,2.0000000000,0.2500000000,3429.3198388672,72869.0797155761,4,-1.3827479984,16,8.0042592740,0.0286885246,4369.6403027344,234240.7800073242,6,0.1766642818,24,11.7786849669,0.0266393443,2544.4598217773,201472.1650378419,5,-0.5360059700,20,9.7373117840,0.0655737705,1935.9752221680,69676.5498632813,5,-0.2628044957,18,8.7283655505,0.0205338809,1050.9653271484,58582.6650024414,4,0.0310372137,14,6.6551115386,0.0410677618,30.0000000000,1.0000000000,-341277.9900000000,-0.2946913939,0.0000100000,0.0000010000,2.0000000000,-0.2628044957,,-1.3827479984,,2.0000000000,0
0.0504107750,2.2739233746,0.0245841144,1659.3500476074,54376.9849694824,2,-0.8341175727,8,3.9820316533,0.0184426230,0.0000000000,-0.0000000000,0,0.0000000000,0,0.0000000000,0.0000000000,553.1502014160,118981.6000671387,1,-0.7164447344,4,2.0064931657,0.0245901639,387.1699487305,70484.9951025391,1,-0.4472196311,4,2.0176299122,0.0082135524,553.1500854492,83424.1001171875,2,-0.0895818288,8,3.7104302979,0.0349075975,38.3649676672,2.7818889432,-176746.2200000000,-0.3490637220,0.0000001164,0.0000179094,3.1884896830,-0.4472196311,1.6308749744,-0.8341175727,0.6526828433,1.9046800706,1
0.1505936622,2.7148085532,0.4377932679,1659.3496899414,14365.4399414062,2,0.4861784988,8,3.9591120932,0.0184426230,1382.8003857422,123472.7800512696,2,-0.3157491591,8,3.7351410979,0.0040983607,553.1499194336,76577.4103088379,1,-0.8805058831,4,1.9876001009,0.0040983607,774.3901855469,32743.7499414063,2,-0.3678111803,8,3.9060430522,0.0143737166,553.1501171875,26682.9801025391,2,0.5300895148,8,3.6933412413,0.0164271047,21.4841539796,1.8536530506,-104477.4100000000,-0.2175011122,0.0000005042,0.0000283606,2.2680616636,-0.3157491591,0.0849590134,-0.8805058831,,1.5503783630,2
0.1582232510,2.2943790231,0.2302065326,2489.0500000000,112522.9400292969,3,-1.5422990964,12,5.9609519292,0.0348360656,2157.0901220703,248130.1551904298,3,-0.5540170737,12,6.0398833485,0.0204918033,1106.2500781250,100667.0999145508,2,0.6671696798,8,3.9053375550,0.0471311475,1935.9252880859,78814.5449218750,5,-0.3169410271,18,8.8649492866,0.0513347023,719.1048535156,63116.0650024414,3,-0.3414384904,10,4.6223282920,0.0472279261,40.7752601947,2.2138549612,-219657.1200000000,-0.2128458537,0.0009746299,0.0000838188,3.0653401917,-0.3414384904,1.1667642719,-1.5422990964,,2.4230776672,3
0.1835411528,2.0507086450,0.2915012153,1825.2800103760,30397.5198236085,2,-0.5671947283,8,4.0700471201,0.0061475410,3650.5606958008,234240.7800073243,5,0.0185363541,20,9.8637362956,0.0204918033,2101.8799194336,102286.8950378419,4,0.3975591042,16,7.8109447139,0.0471311475,1770.0949316406,69676.5498632812,5,-0.0364734306,18,8.5581183556,0.0369609856,774.3651806641,48934.3598632812,3,-0.0842150968,10,4.9088300932,0.0225872690,36.4341406901,1.3944879918,-121260.4100000000,-0.1107680377,0.0003613694,0.0000544721,1.9656081732,-0.0364734306,1.7829000906,-0.5671947283,0.3132952004,1.9653628133,4
0.1175509050,1.4543151871,0.0504092061,4978.0500543213,16856.3900885010,6,1.1616353620,24,11.9982263496,0.0389344262,4093.0404583740,128742.5215484620,6,-0.0930320534,24,11.1264249910,0.0225409836,4093.1896362305,152568.5098144532,8,-0.3789651248,32,15.6119468710,0.0491803279,3097.5599365234,73026.2400000000,7,0.7156726450,28,13.5740080926,0.0390143737,1493.5198779297,85007.3501171875,5,-0.3522356905,20,9.3937646890,0.0390143737,53.2066326946,1.0984236075,103716.2400000000,0.1301614561,0.0002140802,0.0000140732,1.1757041044,-0.0930320534,1.0083511816,-0.3789651248,,2.4347807170,5
0.1913169666,2.5926485406,0.0312127806,3152.7698181152,95721.2400292970,4,-1.5688166266,16,7.5906855288,0.0245901639,2599.6202465820,162586.6002050781,4,-0.3139390573,16,7.0302604721,0.0184426230,553.1499060059,76577.4103088379,1,-0.2735851474,4,1.9678198205,0.0225409836,940.3450415039,92153.5149609374,3,-0.0208488982,10,4.7964283392,0.0349075975,719.1049462891,54495.1998901367,3,-0.1450373543,10,4.6111991389,0.0595482546,36.9182812293,0.7268826140,-409293.7500000000,-0.4362576753,0.0000041515,0.0000000622,1.8960883985,-0.2735851474,2.0159846339,-1.5688166266,,1.8459633135,6
0.1190067709,1.7302203365,0.3774648909,1659.3500183105,24175.5100292969,2,-0.4397317669,8,4.0162057141,0.0143442623,0.0000000000,-0.0000000000,0,0.0000000000,0,0.0000000000,0.0000000000,1604.0398474121,93987.5050378419,3,-0.5029658910,12,5.9959494000,0.0204918033,1604.0651196289,71306.5199877929,4,-0.2612978359,14,6.8531546129,0.0184804928,442.5549609375,80337.4450610352,2,-1.0686549111,6,2.6816902218,0.0164271047,32.4942697528,2.8864762342,-207274.4100000000,-0.4925332293,0.0005112322,0.0000005774,2.2756858745,-0.4397317669,1.8606403560,-1.0686549111,0.7591549400,1.6582429194,7
0.1951889285,2.5154576906,0.3175872961,2489.0495532227,44096.4300390625,3,-0.5768159327,12,5.9219080561,0.0266393443,1382.7499755859,70671.1698388673,2,-0.8368912794,8,4.0487574216,0.0081967213,553.1499328613,76577.4103088379,1,-0.5739488208,4,1.9829310883,0.0122950820,1382.8251831055,90136.7649218750,4,-0.4654067983,14,6.8160974799,0.0431211499,995.6549389648,39948.6948291016,4,-0.2069646600,14,6.5270803565,0.0266940452,44.1128582894,2.3362089295,-141089.3000000000,-0.2452833553,0.0001390410,0.0000004556,3.7961790598,-0.5739488208,0.3447978998,-0.8368912794,0.7419391429,2.2461340432,8
0.1702820868,1.0294126099,0.5887170240,8407.3697583008,22446.0650244141,10,1.0910219807,40,20.0379839444,0.0717213115,663.7700476074,2755.0765759277,1,0.9424429438,4,1.9923701820,0.0061475410,4148.4998071289,129128.7598901368,8,-0.1772316531,32,15.7716795290,0.0696721311,4591.0043432617,101784.0599877930,11,0.0360252915,42,20.5574726868,0.0698151951,1659.4245556641,102607.0603979492,6,-0.5698541070,22,10.5820022351,0.0492813142,53.9464555646,2.9315720346,1410.9001098633,0.0017410547,0.0006742807,0.0000000394,3.4671214826,0.0360252915,1.4399637714,-0.5698541070,,2.7954601354,9
0.1636926504,2.8470603196,0.3233606446,0.0000000000,-0.0000000000,0,0.0000000000,0,0.0000000000,0.0000000000,774.3401538086,11170.8801879883,1,0.1668690717,4,2.0355346889,0.0061475410,553.1499462891,25070.7697448730,1,-0.1047866582,4,1.9258818101,0.0061475410,0.0000000000,-0.0000000000,0,0.0000000000,0,0.0000000000,0.0000000000,497.7897241211,40180.2600683593,2,-0.4794073370,8,3.0664669055,0.0061601643,45.2603407611,0.6012767780,-35047.2100000000,-0.1718716507,0.0000059022,0.0000529748,2.8431197408,0.0000000000,0.0850960953,-0.4794073370,0.0127933836,1.8991954084,10
0.0862513571,2.0255174465,0.0396494980,3429.3198925781,124424.9048474121,4,-1.6391571717,16,8.0197843227,0.0430327869,3318.6507373047,348129.0002050782,5,-0.6667315927,20,8.9340496746,0.0389344262,1963.6053833008,404738.9998791504,4,-1.2988863051,14,7.0490314719,0.0737704918,2184.8205688477,90016.4450952149,5,-0.0233487073,20,9.4055493992,0.0472279261,1050.9649584961,91539.2850561524,4,-0.0582850413,14,6.6613035511,0.0841889117,28.6664302571,1.3607749470,-773158.8400000000,-0.5857229792,0.0002318831,0.0000000185,3.8981862424,-0.6667315927,1.6866955267,-1.6391571717,,2.8936563312,11
0.1439759694,2.7762366413,0.0747328235,1659.3500073242,65311.0998535156,2,-0.7915583945,8,3.9900584936,0.0225409836,1382.8002539062,129021.2002050781,2,-0.1675444949,8,3.9818227308,0.0143442623,0.0000000000,-0.0000000000,0,0.0000000000,0,0.0000000000,0.0000000000,1216.8696923828,122086.0299316406,3,-0.3855442332,12,5.9107778760,0.0574948665,553.1501342773,54495.1998901367,2,-0.1302683991,8,3.7131573053,0.0451745380,49.5340926752,1.8852262554,-166842.8500000000,-0.2153688379,0.0000014234,0.0000022105,2.6814278560,-0.1675444949,0.8652636433,-0.7915583945,0.6544967768,1.8388041426,12
0.1744705978,2.9181552854,0.3315669063,829.6500366211,6967.8749267578,1,0.6169096463,4,2.0604364820,0.0020491803,1825.2804394531,96398.1800512696,3,-0.2306923433,12,5.0069532467,0.0081967213,553.1499731445,25070.7697448730,1,-0.1123803539,4,1.9260077275,0.0061475410,774.3902539062,61329.7650073242,2,-0.7355316990,8,3.9223800103,0.0164271047,774.3397973633,40180.2600683593,3,-0.0938797227,12,5.0071133687,0.0123203285,27.3580685211,0.8636838455,-1305.4500000000,-0.0022908388,0.0000237518,0.0000247266,3.7298768850,-0.1123803539,0.1292006657,-0.7355316990,0.3323072299,2.0541066166,13
0.1071155762,1.0199091216,0.0471780223,4978.0504235840,26322.6048364256,6,0.9532721069,24,11.9851609965,0.0327868852,663.7700476074,2755.0765759277,1,0.9424429438,4,1.9923701820,0.0061475410,2046.5705407715,91017.9400976562,4,-0.4510173280,16,7.8673568658,0.0225409836,1659.4498974609,107151.9348974610,4,-0.2855427808,16,7.7220856186,0.0328542094,1216.9197509766,49730.8801635742,4,-0.8515736589,16,7.7501369236,0.0225872690,56.9090784818,2.2566301766,-85784.3800000000,-0.1521075111,0.0000407810,0.0000001246,1.3804513068,-0.2855427808,2.5943348862,-0.8515736589,,2.0475692366,14
0.0973915318,1.8595481224,0.5858773932,5973.5799353027,25220.2900000000,7,0.4182065275,28,14.0884358311,0.0389344262,6858.5404913330,123472.7800512695,10,0.0061342213,40,18.3413262452,0.0266393443,3152.7698620605,111100.2798901367,6,-0.0862244685,24,11.7931000175,0.0348360656,1825.3054296875,38248.3698632813,5,0.3576253822,18,8.1939589045,0.0246406571,1327.5652026367,43231.2198095702,5,0.1092487861,18,8.4231769506,0.0266940452,52.4716112304,1.1745919638,-47938.9100000000,-0.0559573353,0.0001266965,0.0000001720,3.6439215182,0.1092487861,1.5321195166,-0.0862244685,0.7959338785,2.2332743203,15
0.1505092774,1.3654247579,0.4874012389,5641.7697387695,28802.9300000002,7,1.3521201136,28,14.0123516297,0.0799180328,1382.8499279785,2755.0765759277,2,0.9029958771,8,4.0029779707,0.0102459016,2710.2395593262,111133.2499877929,5,0.1589339257,20,9.9842996073,0.0553278689,3152.8447680664,97780.3348974609,8,-0.1177951526,30,14.6458966642,0.0595482546,1327.6148461914,126626.0603979492,5,-0.3396164643,18,8.2445425747,0.0616016427,46.1536676816,2.8142864430,198076.8800000000,0.2193169212,0.0000469416,0.0000681796,3.5821042286,0.1589339257,0.7414402210,-0.3396164643,,2.8201471820,16
0.1972914040,2.4292370733,0.2373343639,2489.0498510742,82578.5851025390,3,-1.2194214890,12,5.9446290733,0.0307377049,2101.8802172852,363261.9802124023,3,-0.4003430500,12,5.6806719521,0.0122950820,553.1499194336,76577.4103088379,1,-0.1326992182,4,1.9572782525,0.0204918033,553.1252221680,69676.5498632812,2,-0.7914091011,6,2.9342802485,0.0123203285,719.1051342773,63116.0650024414,3,-0.0259925724,10,4.6032947113,0.0410677618,15.6771375090,1.9458397873,-428494.4600000001,-0.3987331704,0.0004375453,0.0000017604,2.5780667459,-0.4003430500,1.5703041822,-1.2194214890,,1.7505793932,17
0.1943634640,2.1427912009,0.4635895207,2654.9303057861,24175.5100292969,3,-0.5678075948,12,6.0257724639,0.0163934426,2931.4802832031,97301.9399999999,4,-0.7536825719,16,7.8484537107,0.0102459016,1106.2500793457,117520.0650378418,2,-0.7926855492,8,4.0160854202,0.0184426230,1935.9752221680,69676.5498632813,5,-0.2628044957,18,8.7283655505,0.0205338809,774.3647045898,15113.8801879883,3,0.4693696888,10,4.8946283667,0.0102669405,15.3129243650,1.2992040907,-266346.9200000000,-0.4845806586,0.0008185833,0.0000022881,3.0175799018,-0.5678075948,0.5853221954,-0.7926855492,0.4817913411,1.5096133240,18
0.1868932900,1.1445305311,0.4464584876,13108.9201257324,84433.7448535156,17,0.3315009106,68,31.4964428393,0.0614754098,9956.1003619385,166351.2050683594,15,0.1334279105,60,27.4645959912,0.0450819672,3540.0404760742,111133.2499877929,7,-0.0672976525,28,13.6520900439,0.0348360656,4535.6700793457,96421.5798339844,10,0.2139329734,40,19.5931260776,0.0451745380,2323.1696093750,69870.5251098631,8,0.6427049781,32,14.5407722149,0.0472279261,44.9234475077,0.6572387461,67848.8400000000,0.0707175096,0.0000005116,0.0000003567,1.2633036603,0.2139329734,1.1852751251,-0.0672976525,0.3778402694,2.2499592355,19
0.1566319795,2.5318342355,0.0764418054,829.6502380371,75389.9999999999,1,0.0202743813,4,2.0382276652,0.0061475410,0.0000000000,-0.0000000000,0,0.0000000000,0,0.0000000000,0.0000000000,995.6798425293,139428.8902465821,2,-0.3849312870,8,3.8890235139,0.0389344262,940.3448632812,79290.5251318358,3,0.3272927198,10,4.7785089866,0.0533880903,442.5048144531,72645.0698535156,2,-0.6387885805,6,2.8544834913,0.0349075975,39.8738488641,2.6721357359,-82436.9300000000,-0.1125077754,0.0000001969,0.0000000191,2.4897150814,0.0000000000,0.4906302486,-0.6387885805,0.2544139103,2.8729859402,20
0.1944528710,1.9207106577,0.4737994395,6747.9701312256,37447.0699999999,8,-0.7468743058,32,15.7198724189,0.0307377049,7577.6205084228,123472.7800512695,11,0.2022426135,44,20.2574116328,0.0286885246,2544.4100097656,101815.5650378418,5,0.1365384154,20,9.7714317371,0.0430327869,2710.3654248047,59719.9398803711,7,-0.0152470829,26,12.6582341574,0.0390143737,1327.5652612305,46103.1598095703,5,0.0594234521,18,8.4246662136,0.0308008214,49.4475213497,0.9930873682,-21931.4700000000,-0.0244533256,0.0000002350,0.0000020655,2.4665381084,0.0594234521,2.9660860001,-0.7468743058,,2.2612047908,21
0.1671785753,2.6018340732,0.4881204385,2489.0496606445,23664.2600292969,3,-0.1750676349,12,5.9117957093,0.0225409836,663.7201904297,11229.4801025391,1,-0.4405803101,4,2.0071616577,0.0040983607,0.0000000000,-0.0000000000,0,0.0000000000,0,0.0000000000,0.0000000000,387.1702050781,26582.7100000000,1,-1.0083691535,4,2.0155448062,0.0020533881,829.6999340820,27780.9499389648,3,-0.0251492806,12,5.6235446331,0.0164271047,8.5898729026,2.7842269068,-49615.9200000000,-0.2774526957,0.0000257867,0.0000041733,3.5049646119,-0.1750676349,1.1454443399,-1.0083691535,0.7952214170,2.2218907449,22
0.1043461926,1.9710702776,0.5265173435,4258.9698345947,38257.5800292969,5,-0.4272450670,20,10.0414025026,0.0266393443,1493.4200854492,50205.4600512695,2,0.5615003779,8,4.0417120490,0.0040983607,2212.4997387695,165634.9249035645,4,-0.9042207965,16,7.9346614028,0.0245901639,1493.4452880859,69676.5498632813,4,-0.4574062779,14,6.8655495253,0.0164271047,995.7052319336,43231.2198095703,4,0.1495516366,14,6.3670062877,0.0246406571,48.9558008844,2.4728865593,-83098.2100000000,-0.1308345485,0.0000002225,0.0000068183,1.9668601742,-0.4272450670,2.3899175482,-0.9042207965,,2.1339425946,23
0.1765685844,1.8348962244,0.0675681993,3484.5798352051,9921.1500549316,4,0.8111911963,16,8.0818636190,0.0348360656,1493.4202905273,129021.2002050781,2,0.3687903216,8,4.0369072869,0.0102459016,2157.1402783203,234913.0750378418,4,-0.3773467867,16,7.9575931291,0.0389344262,1991.2848437500,71306.5199877929,5,-0.0287330205,18,8.7507704824,0.0328542094,1327.6154345703,98910.6450610352,5,-0.0030763902,18,8.2743912451,0.0431211499,51.8531751729,2.3609518159,24028.9100000000,0.0273179719,0.0000042442,0.0000000100,1.4167950374,-0.0030763902,2.1113573078,-0.3773467867,0.7854626583,2.3121149754,24
0.1651478405,1.8482129709,0.5843906429,3318.6998791504,24175.5100292969,4,0.1282635547,16,7.9747750261,0.0307377049,1382.8001391602,50205.4600512695,2,0.3034244088,8,3.9879555639,0.0061475410,2710.2398498535,126333.4498901367,5,-0.0450748320,20,9.9552490628,0.0327868852,2820.9850219727,38248.3698632813,7,0.1619580428,26,12.6218201574,0.0390143737,1272.2549755859,43231.2198095703,5,-0.2179989755,18,8.2975043436,0.0266940452,31.1880889583,2.7845941692,164011.5000000000,0.2220239442,0.0000103445,0.0000103225,3.5913587233,0.1282635547,2.1047056982,-0.2179989755,,2.9695330628,25
0.1735672038,2.1413695717,0.2348282558,3429.3199688721,108066.9300000001,4,-1.7167613367,16,8.0201776802,0.0286885246,2157.1402172852,243013.3900756836,3,-0.1693804018,12,5.7919288367,0.0122950820,1106.2499682617,212825.1650378419,2,-0.9735676106,8,4.0398488034,0.0348360656,1493.4452880859,69676.5498632813,4,-0.4574062779,14,6.8655495253,0.0164271047,719.1051342773,63116.0650024414,3,-0.0259925724,10,4.6032947113,0.0410677618,28.3055593634,1.5713490204,-508120.8400000000,-0.4846752877,0.0000001972,0.0000008029,2.7589010608,-0.4574062779,0.3680719805,-1.7167613367,0.5472403585,1.6407677301,26
0.1087512199,2.7936024645,0.0241309325,829.6502380371,75389.9999999999,1,0.0202743813,4,2.0382276652,0.0061475410,0.0000000000,-0.0000000000,0,0.0000000000,0,0.0000000000,0.0000000000,0.0000000000,-0.0000000000,0,0.0000000000,0,0.0000000000,0.0000000000,0.0000000000,-0.0000000000,0,0.0000000000,0,0.0000000000,0.0000000000,276.5498413086,55608.6749389649,1,-0.3317168826,4,1.9291546682,0.0164271047,34.2688260411,2.5648930554,-19674.4000000000,-0.0610805517,0.0000701370,0.0000018884,3.4397322861,0.0000000000,2.9910308792,-0.3317168826,0.1368171520,2.3749800704,27
0.0629018654,2.5060999797,0.3530280657,2489.0498828125,46079.4852990723,3,-0.7632440183,12,5.9182013066,0.0245901639,2489.0003076172,169665.5000512695,4,-0.6377576392,16,6.7462134772,0.0122950820,1106.2999060059,99164.1500402832,2,-0.5821117960,8,3.9089388157,0.0184426230,387.1702734375,60272.2749487305,1,-1.1715883539,4,2.0318817644,0.0041067762,1050.9400390625,40180.2600683593,4,-0.3007813242,16,6.7679096053,0.0266940452,15.4839658222,1.2002060047,-385143.3000000000,-0.6314511971,0.0000003232,0.0000080259,3.5888499957,-0.6377576392,1.6932384634,-1.1715883539,0.7190590122,2.1588433978,28
0.0745052137,2.3923089007,0.1052458500,2489.0500415039,19748.8352307129,3,0.2430130973,12,5.8982914217,0.0245901639,1825.2800268555,107502.2202050781,3,0.0022323267,12,5.0130933093,0.0143442623,553.1498925781,76577.4103088379,1,-0.1254750657,4,1.9567110770,0.0204918033,553.1252734375,51631.7749316406,2,-0.8398624096,6,2.9205391232,0.0082135524,719.1050854492,46034.4750024414,3,-0.0039938717,10,4.6020194205,0.0328542094,56.9022770876,1.3247395812,-226126.7500000000,-0.3083576822,0.0000500259,0.0000002827,1.5978950220,-0.0039938717,1.5365209735,-0.8398624096,,1.9919734346,29
0.0869608954,2.7668374673,0.3341012940,774.3399829102,15841.4200000000,1,-0.7868316370,4,1.9987950511,0.0000000000,1382.8000537109,16069.5700146485,2,-0.0144567137,8,3.9241896182,0.0061475410,995.6799572754,93457.6699694825,2,-0.3829938140,8,3.8525983495,0.0204918033,0.0000000000,-0.0000000000,0,0.0000000000,0,0.0000000000,0.0000000000,497.7897241211,40180.2600683593,2,-0.4794073370,8,3.0664669055,0.0061601643,44.2146497016,0.5303663153,-123688.6700000000,-0.3647545465,0.0000007759,0.0000017021,3.1502520417,-0.3829938140,1.9381350707,-0.7868316370,0.0589731461,2.6838713224,30
0.1012613975,2.1487560962,0.5952139371,3429.3197991943,9582.1900292969,4,0.4285684135,16,7.9586578807,0.0245901639,2157.1405224609,123472.7800512696,3,-0.0592129888,12,5.7960592407,0.0061475410,1106.2498583984,88679.9650378418,2,-0.8822952420,8,4.0058255501,0.0081967213,1272.1801684570,35333.5900170899,3,-0.6707762476,12,5.8726991754,0.0123203285,553.1501171875,26682.9801025391,2,0.5300895148,8,3.6933412413,0.0164271047,43.2918308357,1.9749014816,-151888.6500000000,-0.2890047255,0.0004954290,0.0000000406,1.4096302429,-0.0592129888,0.9377869413,-0.8822952420,0.7208864747,2.0912801490,31
0.1178133182,1.4778874234,0.3509896081,6250.1806030273,33387.9000439454,8,0.7294535454,32,15.2160943234,0.0676229508,6360.8006964111,72929.4406689454,9,0.3725497913,36,17.1340257659,0.0409836066,995.6300024414,66822.5898901366,2,-0.7339009458,8,3.9582653835,0.0061475410,2931.6300061035,71306.5199877929,7,0.6444821234,28,12.9479499676,0.0431211499,1161.5599853516,72908.3552124024,4,-0.6233889547,16,7.5824838798,0.0143737166,5.9840281493,0.6816458716,176356.1300000000,0.2820899367,0.0000080603,0.0000001058,2.7399105417,0.3725497913,0.5733308204,-0.7339009458,0.0859817827,2.7326880041,32
0.0791041182,1.7893195941,0.4492534350,5641.7202447510,37506.0450518799,7,0.1165430636,28,13.2682991666,0.0327868852,6250.1804467773,113953.1901196289,9,-0.1206787553,36,16.9696292643,0.0225409836,2046.5702331543,120801.9150378418,4,-0.7613440326,16,7.9308303934,0.0245901639,1548.7552905273,69676.5498632813,4,-0.5167064992,14,6.8518226195,0.0184804928,1050.9649145508,64671.2400244140,4,-0.4564228431,14,6.6700806749,0.0143737166,24.4008878633,0.7070214397,-347671.3199999999,-0.4307268881,0.0000375681,0.0000079989,2.5594992230,-0.4564228431,1.2801634312,-0.7613440326,,1.8484672129,33
0.1869461159,2.8900492966,0.5112313995,2433.6899890137,17965.7149816895,3,-0.2612511221,12,5.9619739906,0.0143442623,1382.8004296875,50205.4600512696,2,0.1359823761,8,4.0046695982,0.0081967213,553.1499597168,27079.3048925782,1,-0.2017296629,4,1.9275684389,0.0040983607,1216.8695190430,60588.9000781251,3,-0.7152984225,12,5.9047394540,0.0082135524,829.6998315430,27780.9499389648,3,0.2860669068,12,5.6150574439,0.0164271047,50.3200994207,1.6669587996,-33853.5700000000,-0.0900689153,0.0001943339,0.0000003674,3.0420589767,-0.2017296629,2.5108312093,-0.7152984225,0.5530171836,1.7438545871,34
0.0984381205,2.6456142662,0.4489345650,1659.3497875977,14365.4399414062,2,0.4582675863,8,3.9596334440,0.0184426230,2046.5205761719,123472.7800512696,3,-0.3610075737,12,5.7423027556,0.0081967213,553.1499194336,76577.4103088379,1,-0.8805058831,4,1.9876001009,0.0040983607,387.1702050781,26582.7100000000,1,-1.0083691535,4,2.0155448062,0.0020533881,553.1501171875,26682.9801025391,2,0.5300895148,8,3.6933412413,0.0164271047,16.1192451687,1.4918797179,-212573.8500000000,-0.4152439240,0.0000002222,0.0000005052,3.8137153259,-0.3610075737,0.2843300351,-1.0083691535,,1.7685940314,35
0.1667372339,2.9814894365,0.4984165593,774.3900549316,4366.7501831055,1,0.5594652747,4,1.9485308988,0.0102459016,663.7201904297,11229.4801025391,1,-0.4405803101,4,2.0071616577,0.0040983607,0.0000000000,-0.0000000000,0,0.0000000000,0,0.0000000000,0.0000000000,1216.8695190430,60588.9000781251,3,-0.7152984225,12,5.9047394540,0.0082135524,829.6999047852,27780.9499389649,3,0.2787137405,12,5.6147627798,0.0143737166,44.4082279011,2.8960233379,-38217.5700000000,-0.1801256970,0.0000004926,0.0000022157,3.9415239255,0.0000000000,1.7236699473,-0.7152984225,0.6696376254,1.8970426926,36
0.0664741829,2.7769797738,0.2138187278,1604.0398852539,14365.4399414062,2,0.2592280341,8,3.9814882318,0.0184426230,1382.7497216797,248130.1551904298,2,-0.9101566694,8,3.9629370969,0.0102459016,442.5299230957,90795.4301757812,1,-0.4569691664,4,1.9317452614,0.0184426230,387.1702734375,60272.2749487305,1,-1.1715883539,4,2.0318817644,0.0041067762,553.1500244141,47326.0498046875,2,0.0599048655,8,3.7024574991,0.0369609856,14.3543175888,2.4438603097,-319889.9100000000,-0.4353877931,0.0000129757,0.0000000805,2.7315938470,-0.4569691664,1.6076967887,-1.1715883539,0.6083892789,2.4472372759,37
0.1542953159,2.2498819233,0.3685208614,3429.3197515869,30497.2199707031,4,-0.5421744134,16,7.9763840771,0.0266393443,2157.0901098633,58362.5900000001,3,-0.1174222190,12,6.1043916821,0.0143442623,1659.3500427246,117520.0650378418,3,0.0568250241,12,5.9873268120,0.0348360656,1493.4453369141,69676.5498632812,4,-0.5198293823,14,6.8795048402,0.0266940452,719.1050854492,35284.6400146484,3,0.3766192031,10,4.5903955971,0.0246406571,33.6013891463,2.3322151921,30825.5000000000,0.0466067355,0.0000596950,0.0000021974,2.3886034274,-0.1174222190,0.8603065963,-0.5421744134,,2.1209338237,38
0.1567430868,2.3914227056,0.5831024500,2489.0500354004,17605.2000292969,3,0.1508650842,12,5.9065778324,0.0225409836,0.0000000000,-0.0000000000,0,0.0000000000,0,0.0000000000,0.0000000000,553.1499194336,76577.4103088379,1,-0.8805058831,4,1.9876001009,0.0040983607,1106.2994360352,41159.0750854493,3,-0.8417477994,12,5.7178876842,0.0184804928,553.1500878906,9412.9399267578,2,0.9541004036,8,3.6845593880,0.0143737166,31.7586238317,2.6029383789,-64834.0900000000,-0.2445958845,0.0000483730,0.0000013331,2.4278346103,0.0000000000,0.7748232002,-0.8805058831,,1.7932237695,39
0.0797336046,2.6882219365,0.2212929100,0.0000000000,-0.0000000000,0,0.0000000000,0,0.0000000000,0.0000000000,0.0000000000,-0.0000000000,0,0.0000000000,0,0.0000000000,0.0000000000,995.6800329590,165765.6202465821,2,-0.7001865278,8,3.9096825152,0.0266393443,0.0000000000,-0.0000000000,0,0.0000000000,0,0.0000000000,0.0000000000,276.5497192383,48439.5248535157,1,-0.7779623515,4,1.9369063848,0.0082135524,26.3220816576,2.8414152087,-136392.1400000000,-0.3713018182,0.0000200858,0.0000017933,1.4943479562,0.0000000000,2.6307986800,-0.7779623515,0.0386124760,2.5166981671,40
0.0601135581,2.2725673072,0.3640155040,940.2702178955,14488.2500000000,1,-0.9227434154,4,2.0627014043,0.0000000000,719.0300634766,58362.5900000000,1,-0.7975697836,4,2.0399686908,0.0000000000,1106.2997717285,79329.8500402832,2,-0.4254975498,8,3.8986544789,0.0163934426,0.0000000000,-0.0000000000,0,0.0000000000,0,0.0000000000,0.0000000000,276.5498535156,37649.5749023438,1,-0.9278483416,4,1.9366847593,0.0020533881,49.8530723662,1.7649315852,-167352.1700000000,-0.4677669056,0.0000005839,0.0000000296,1.6512015432,-0.7975697836,0.2253980846,-0.9278483416,0.1534537185,2.6832677335,41
0.1337418422,2.5465291961,0.2390013307,4037.7798022461,82578.5851025390,5,-0.2555297185,20,9.9757273057,0.0430327869,3208.0305297852,363261.9802124023,5,-0.4927102770,20,8.7128743817,0.0225409836,1548.8298022461,145324.9600402832,3,-0.4192685877,12,5.8165919528,0.0430327869,1382.8251538086,78814.5449218750,4,-0.3191522735,14,6.8102229408,0.0492813142,719.1048095703,63116.0650024414,3,-0.2096136853,10,4.6143158200,0.0492813142,36.7299203714,1.4024285646,-326157.9000000000,-0.2633974538,0.0000015007,0.0000001284,2.5834602343,-0.3191522735,1.0660475435,-0.4927102770,0.5406139536,2.7318399091,42
0.1142036779,1.7745898301,0.3551416699,4978.0495043945,30497.2199707031,6,0.3866307528,24,11.9389373698,0.0512295082,2876.2205126953,248101.9602050781,4,-0.6053508049,16,8.0092275728,0.0163934426,2599.6700415039,121200.9350378418,5,0.1820389555,20,9.7715792346,0.0450819672,2267.8353491211,90126.0949316407,6,-0.6447631131,22,10.1210277733,0.0349075975,995.7053247070,68016.8850610352,4,-0.2190442625,14,6.3622518756,0.0472279261,38.6787956451,1.8643721975,-437547.6900000001,-0.4254395714,0.0000022977,0.0000001632,2.8323953168,-0.2190442625,1.1485140267,-0.6447631131,0.7886157082,2.4358541729,43
0.1405804487,2.6860294292,0.5251369522,2433.6899304199,17965.7149816895,3,0.1735914874,12,5.9560837178,0.0184426230,2157.1402490234,123472.7800512696,3,-0.3655124838,12,5.7766456254,0.0061475410,553.1499194336,76577.4103088379,1,-0.8805058831,4,1.9876001009,0.0040983607,774.3896069336,39728.4800000000,2,-1.0551611820,8,3.9154596609,0.0102669405,553.1500878906,9412.9399267578,2,0.9541004036,8,3.6845593880,0.0143737166,31.5654627389,0.5302535392,-161414.9400000000,-0.3363841914,0.0005845540,0.0000001115,1.5481367730,-0.3655124838,2.9148937629,-1.0551611820,0.7685319087,1.6219855370,44
0.1361616153,2.0303207338,0.3914093794,4369.5897558594,33775.6799414062,5,-0.6187009349,20,10.0364344775,0.0266393443,5641.7705957031,123472.7800512695,8,-0.2660311930,32,15.7654107140,0.0286885246,2655.0298925781,123292.8500402832,5,0.1003246722,20,9.7641659884,0.0430327869,2323.1452490234,78829.3049218750,6,-0.3259235198,22,10.7473667566,0.0472279261,995.6549389648,39948.6948291016,4,-0.2069646600,14,6.5270803565,0.0266940452,47.5455925570,1.5992486249,-56956.0600000000,-0.0689443709,0.0000009868,0.0000545939,2.5028138710,-0.2660311930,0.5500687293,-0.6187009349,,2.7490767741,45
0.0889323359,1.2860041685,0.2603347346,6637.3997613525,11571.5200195312,8,1.8829061286,32,16.0479004316,0.0614754098,4369.6395898437,93350.9665759277,6,-0.0705617883,24,11.9508093273,0.0266393443,2655.0298425293,111133.2499877929,5,0.7310891570,20,9.9228836287,0.0450819672,1714.6596728516,37916.4799658202,4,0.8175893034,16,7.9190153911,0.0308008214,1161.6602514648,52913.0150854492,4,-0.5688917271,16,7.4187076724,0.0205338809,44.4482516613,1.3103659395,229123.0701098632,0.3147201446,0.0001118893,0.0000028617,2.4535438993,0.7310891570,2.9985040568,-0.5688917271,0.6645051530,1.5206067879,46
0.0721208682,1.3045899257,0.2593589786,3982.4196533203,15537.3503112793,5,1.5166554295,20,10.0703420484,0.0430327869,663.7700476074,2755.0765759277,1,0.9424429438,4,1.9923701820,0.0061475410,1604.0399633789,111133.2499877930,3,0.0757826194,12,6.0296851770,0.0266393443,1714.6601806641,32851.5248974611,4,1.3767142362,16,7.9488043939,0.0369609856,885.0599365234,63144.8951879883,3,-0.6116879439,12,5.6459403595,0.0184804928,52.7637134929,2.4498619275,218048.4601098633,0.3992001655,0.0000111840,0.0000000600,1.9480149573,0.9424429438,1.5241925903,-0.6116879439,0.5779025391,1.7989558637,47
