coint_pvalue_gate,entry,exit_ratio,fold_0_fees_slippage,fold_0_max_dd_pct,fold_0_max_dd_usd,fold_0_pnl,fold_0_round_trips,fold_0_sharpe,fold_0_trades,fold_0_turnover,fold_0_win_rate,fold_1_fees_slippage,fold_1_max_dd_pct,fold_1_max_dd_usd,fold_1_pnl,fold_1_round_trips,fold_1_sharpe,fold_1_trades,fold_1_turnover,fold_1_win_rate,fold_2_fees_slippage,fold_2_max_dd_pct,fold_2_max_dd_usd,fold_2_pnl,fold_2_round_trips,fold_2_sharpe,fold_2_trades,fold_2_turnover,fold_2_win_rate,half_life_max_bars,half_life_min_bars,in_sample_pnl,in_sample_sharpe,kalman_delta,kalman_obs_var,max_holding_half_lives,median_oos_sharpe,min_edge_cost_multiple,min_oos_sharpe,ofi_threshold,stop_ratio,trial_id
0.1000000000,2.0000000000,0.2500000000,0.0000000000,-0.0000000000,-0.0000000000,0.0000000000,0,0.0000000000,0,0.0000000000,0.0000000000,0.0000000000,-0.0000000000,-0.0000000000,0.0000000000,0,0.0000000000,0,0.0000000000,0.0000000000,0.0000000000,-0.0000000000,-0.0000000000,0.0000000000,0,0.0000000000,0,0.0000000000,0.0000000000,78.0000000000,1.0000000000,2018.9600000000,1.1427520849,0.0000100000,0.0000010000,2.0000000000,0.0000000000,,0.0000000000,,2.0000000000,0
0.0504107750,2.2739233746,0.0245841144,0.0000000000,-0.0000000000,-0.0000000000,0.0000000000,0,0.0000000000,0,0.0000000000,0.0000000000,0.0000000000,-0.0000000000,-0.0000000000,0.0000000000,0,0.0000000000,0,0.0000000000,0.0000000000,0.0000000000,-0.0000000000,-0.0000000000,0.0000000000,0,0.0000000000,0,0.0000000000,0.0000000000,129.1944396381,18.4296003910,0.0000000000,0.0000000000,0.0000001164,0.0000179094,3.1884896830,0.0000000000,1.6308749744,0.0000000000,0.6526828433,1.9046800706,1
0.1505936622,2.7148085532,0.4377932679,0.0000000000,-0.0000000000,-0.0000000000,0.0000000000,0,0.0000000000,0,0.0000000000,0.0000000000,0.0000000000,-0.0000000000,-0.0000000000,0.0000000000,0,0.0000000000,0,0.0000000000,0.0000000000,0.0000000000,-0.0000000000,-0.0000000000,0.0000000000,0,0.0000000000,0,0.0000000000,0.0000000000,73.9481402967,11.7463019645,0.0000000000,0.0000000000,0.0000005042,0.0000283606,2.2680616636,0.0000000000,0.0849590134,0.0000000000,,1.5503783630,2
0.1582232510,2.2943790231,0.2302065326,0.0000000000,-0.0000000000,-0.0000000000,0.0000000000,0,0.0000000000,0,0.0000000000,0.0000000000,0.0000000000,-0.0000000000,-0.0000000000,0.0000000000,0,0.0000000000,0,0.0000000000,0.0000000000,0.0000000000,-0.0000000000,-0.0000000000,0.0000000000,0,0.0000000000,0,0.0000000000,0.0000000000,137.0826697282,14.3397557207,0.0000000000,0.0000000000,0.0009746299,0.0000838188,3.0653401917,0.0000000000,1.1667642719,0.0000000000,,2.4230776672,3
0.1835411528,2.0507086450,0.2915012153,0.0000000000,-0.0000000000,-0.0000000000,0.0000000000,0,0.0000000000,0,0.0000000000,0.0000000000,0.0000000000,-0.0000000000,-0.0000000000,0.0000000000,0,0.0000000000,0,0.0000000000,0.0000000000,0.0000000000,-0.0000000000,-0.0000000000,0.0000000000,0,0.0000000000,0,0.0000000000,0.0000000000,122.8753695314,8.4403135408,0.0000000000,0.0000000000,0.0003613694,0.0000544721,1.9656081732,0.0000000000,1.7829000906,0.0000000000,0.3132952004,1.9653628133,4
0.1175509050,1.4543151871,0.0504092061,0.0000000000,-0.0000000000,-0.0000000000,0.0000000000,0,0.0000000000,0,0.0000000000,0.0000000000,0.0000000000,-0.0000000000,-0.0000000000,0.0000000000,0,0.0000000000,0,0.0000000000,0.0000000000,0.0000000000,-0.0000000000,-0.0000000000,0.0000000000,0,0.0000000000,0,0.0000000000,0.0000000000,177.7671615459,6.3086499739,0.0000000000,0.0000000000,0.0002140802,0.0000140732,1.1757041044,0.0000000000,1.0083511816,0.0000000000,,2.4347807170,5
0.1913169666,2.5926485406,0.0312127806,0.0000000000,-0.0000000000,-0.0000000000,0.0000000000,0,0.0000000000,0,0.0000000000,0.0000000000,0.0000000000,-0.0000000000,-0.0000000000,0.0000000000,0,0.0000000000,0,0.0000000000,0.0000000000,0.0000000000,-0.0000000000,-0.0000000000,0.0000000000,0,0.0000000000,0,0.0000000000,0.0000000000,124.4598294776,3.6335548211,0.0000000000,0.0000000000,0.0000041515,0.0000000622,1.8960883985,0.0000000000,2.0159846339,0.0000000000,,1.8459633135,6
0.1190067709,1.7302203365,0.3774648909,0.0000000000,-0.0000000000,-0.0000000000,0.0000000000,0,0.0000000000,0,0.0000000000,0.0000000000,0.0000000000,-0.0000000000,-0.0000000000,0.0000000000,0,0.0000000000,0,0.0000000000,0.0000000000,0.0000000000,-0.0000000000,-0.0000000000,0.0000000000,0,0.0000000000,0,0.0000000000,0.0000000000,109.9812464638,19.1826288864,0.0000000000,0.0000000000,0.0005112322,0.0000005774,2.2756858745,0.0000000000,1.8606403560,0.0000000000,0.7591549400,1.6582429194,7
0.1951889285,2.5154576906,0.3175872961,0.0000000000,-0.0000000000,-0.0000000000,0.0000000000,0,0.0000000000,0,0.0000000000,0.0000000000,0.0000000000,-0.0000000000,-0.0000000000,0.0000000000,0,0.0000000000,0,0.0000000000,0.0000000000,0.0000000000,-0.0000000000,-0.0000000000,0.0000000000,0,0.0000000000,0,0.0000000000,0.0000000000,148.0057180382,15.2207042922,0.0000000000,0.0000000000,0.0001390410,0.0000004556,3.7961790598,0.0000000000,0.3447978998,0.0000000000,0.7419391429,2.2461340432,8
0.1702820868,1.0294126099,0.5887170240,0.0000000000,-0.0000000000,-0.0000000000,0.0000000000,0,0.0000000000,0,0.0000000000,0.0000000000,0.0000000000,-0.0000000000,-0.0000000000,0.0000000000,0,0.0000000000,0,0.0000000000,0.0000000000,0.0000000000,-0.0000000000,-0.0000000000,0.0000000000,0,0.0000000000,0,0.0000000000,0.0000000000,180.1884000297,19.5073186488,0.0000000000,0.0000000000,0.0006742807,0.0000000394,3.4671214826,0.0000000000,1.4399637714,0.0000000000,,2.7954601354,9
0.1636926504,2.8470603196,0.3233606446,0.0000000000,-0.0000000000,-0.0000000000,0.0000000000,0,0.0000000000,0,0.0000000000,0.0000000000,0.0000000000,-0.0000000000,-0.0000000000,0.0000000000,0,0.0000000000,0,0.0000000000,0.0000000000,0.0000000000,-0.0000000000,-0.0000000000,0.0000000000,0,0.0000000000,0,0.0000000000,0.0000000000,151.7611152182,2.7291928014,-3373.5400000000,-2.5419556372,0.0000059022,0.0000529748,2.8431197408,0.0000000000,0.0850960953,0.0000000000,0.0127933836,1.8991954084,10
0.0862513571,2.0255174465,0.0396494980,0.0000000000,-0.0000000000,-0.0000000000,0.0000000000,0,0.0000000000,0,0.0000000000,0.0000000000,0.0000000000,-0.0000000000,-0.0000000000,0.0000000000,0,0.0000000000,0,0.0000000000,0.0000000000,0.0000000000,-0.0000000000,-0.0000000000,0.0000000000,0,0.0000000000,0,0.0000000000,0.0000000000,97.4537717506,8.1975796185,0.0000000000,0.0000000000,0.0002318831,0.0000000185,3.8981862424,0.0000000000,1.6866955267,0.0000000000,,2.8936563312,11
0.1439759694,2.7762366413,0.0747328235,0.0000000000,-0.0000000000,-0.0000000000,0.0000000000,0,0.0000000000,0,0.0000000000,0.0000000000,0.0000000000,-0.0000000000,-0.0000000000,0.0000000000,0,0.0000000000,0,0.0000000000,0.0000000000,0.0000000000,-0.0000000000,-0.0000000000,0.0000000000,0,0.0000000000,0,0.0000000000,0.0000000000,165.7479396643,11.9736290391,0.0000000000,0.0000000000,0.0000014234,0.0000022105,2.6814278560,0.0000000000,0.8652636433,0.0000000000,0.6544967768,1.8388041426,12
0.1744705978,2.9181552854,0.3315669063,0.0000000000,-0.0000000000,-0.0000000000,0.0000000000,0,0.0000000000,0,0.0000000000,0.0000000000,0.0000000000,-0.0000000000,-0.0000000000,0.0000000000,0,0.0000000000,0,0.0000000000,0.0000000000,0.0000000000,-0.0000000000,-0.0000000000,0.0000000000,0,0.0000000000,0,0.0000000000,0.0000000000,93.1718606147,4.6185236874,0.0000000000,0.0000000000,0.0000237518,0.0000247266,3.7298768850,0.0000000000,0.1292006657,0.0000000000,0.3323072299,2.0541066166,13
0.1071155762,1.0199091216,0.0471780223,0.0000000000,-0.0000000000,-0.0000000000,0.0000000000,0,0.0000000000,0,0.0000000000,0.0000000000,0.0000000000,-0.0000000000,-0.0000000000,0.0000000000,0,0.0000000000,0,0.0000000000,0.0000000000,0.0000000000,-0.0000000000,-0.0000000000,0.0000000000,0,0.0000000000,0,0.0000000000,0.0000000000,189.8842568496,14.6477372719,0.0000000000,0.0000000000,0.0000407810,0.0000001246,1.3804513068,0.0000000000,2.5943348862,0.0000000000,,2.0475692366,14
0.0973915318,1.8595481224,0.5858773932,0.0000000000,-0.0000000000,-0.0000000000,0.0000000000,0,0.0000000000,0,0.0000000000,0.0000000000,0.0000000000,-0.0000000000,-0.0000000000,0.0000000000,0,0.0000000000,0,0.0000000000,0.0000000000,0.0000000000,-0.0000000000,-0.0000000000,0.0000000000,0,0.0000000000,0,0.0000000000,0.0000000000,175.3616367541,6.8570621390,0.0000000000,0.0000000000,0.0001266965,0.0000001720,3.6439215182,0.0000000000,1.5321195166,0.0000000000,0.7959338785,2.2332743203,15
0.1505092774,1.3654247579,0.4874012389,0.0000000000,-0.0000000000,-0.0000000000,0.0000000000,0,0.0000000000,0,0.0000000000,0.0000000000,0.0000000000,-0.0000000000,-0.0000000000,0.0000000000,0,0.0000000000,0,0.0000000000,0.0000000000,0.0000000000,-0.0000000000,-0.0000000000,0.0000000000,0,0.0000000000,0,0.0000000000,0.0000000000,154.6847305943,18.6628623899,0.0000000000,0.0000000000,0.0000469416,0.0000681796,3.5821042286,0.0000000000,0.7414402210,0.0000000000,,2.8201471820,16
0.1972914040,2.4292370733,0.2373343639,0.0000000000,-0.0000000000,-0.0000000000,0.0000000000,0,0.0000000000,0,0.0000000000,0.0000000000,0.0000000000,-0.0000000000,-0.0000000000,0.0000000000,0,0.0000000000,0,0.0000000000,0.0000000000,0.0000000000,-0.0000000000,-0.0000000000,0.0000000000,0,0.0000000000,0,0.0000000000,0.0000000000,54.9433591203,12.4100464687,0.0000000000,0.0000000000,0.0004375453,0.0000017604,2.5780667459,0.0000000000,1.5703041822,0.0000000000,,1.7505793932,17
0.1943634640,2.1427912009,0.4635895207,0.0000000000,-0.0000000000,-0.0000000000,0.0000000000,0,0.0000000000,0,0.0000000000,0.0000000000,0.0000000000,-0.0000000000,-0.0000000000,0.0000000000,0,0.0000000000,0,0.0000000000,0.0000000000,0.0000000000,-0.0000000000,-0.0000000000,0.0000000000,0,0.0000000000,0,0.0000000000,0.0000000000,53.7513888310,7.7542694531,0.0000000000,0.0000000000,0.0008185833,0.0000022881,3.0175799018,0.0000000000,0.5853221954,0.0000000000,0.4817913411,1.5096133240,18
0.1868932900,1.1445305311,0.4464584876,0.0000000000,-0.0000000000,-0.0000000000,0.0000000000,0,0.0000000000,0,0.0000000000,0.0000000000,0.0000000000,-0.0000000000,-0.0000000000,0.0000000000,0,0.0000000000,0,0.0000000000,0.0000000000,0.0000000000,-0.0000000000,-0.0000000000,0.0000000000,0,0.0000000000,0,0.0000000000,0.0000000000,150.6585554796,3.1321189722,0.0000000000,0.0000000000,0.0000005116,0.0000003567,1.2633036603,0.0000000000,1.1852751251,0.0000000000,0.3778402694,2.2499592355,19
0.1566319795,2.5318342355,0.0764418054,0.0000000000,-0.0000000000,-0.0000000000,0.0000000000,0,0.0000000000,0,0.0000000000,0.0000000000,0.0000000000,-0.0000000000,-0.0000000000,0.0000000000,0,0.0000000000,0,0.0000000000,0.0000000000,0.0000000000,-0.0000000000,-0.0000000000,0.0000000000,0,0.0000000000,0,0.0000000000,0.0000000000,134.1325962825,17.6393772983,0.0000000000,0.0000000000,0.0000001969,0.0000000191,2.4897150814,0.0000000000,0.4906302486,0.0000000000,0.2544139103,2.8729859402,20
0.1944528710,1.9207106577,0.4737994395,0.0000000000,-0.0000000000,-0.0000000000,0.0000000000,0,0.0000000000,0,0.0000000000,0.0000000000,0.0000000000,-0.0000000000,-0.0000000000,0.0000000000,0,0.0000000000,0,0.0000000000,0.0000000000,0.0000000000,-0.0000000000,-0.0000000000,0.0000000000,0,0.0000000000,0,0.0000000000,0.0000000000,165.4646153264,5.5502290513,0.0000000000,0.0000000000,0.0000002350,0.0000020655,2.4665381084,0.0000000000,2.9660860001,0.0000000000,,2.2612047908,21
0.1671785753,2.6018340732,0.4881204385,0.0000000000,-0.0000000000,-0.0000000000,0.0000000000,0,0.0000000000,0,0.0000000000,0.0000000000,0.0000000000,-0.0000000000,-0.0000000000,0.0000000000,0,0.0000000000,0,0.0000000000,0.0000000000,0.0000000000,-0.0000000000,-0.0000000000,0.0000000000,0,0.0000000000,0,0.0000000000,0.0000000000,31.7486749540,18.4464337287,0.0000000000,0.0000000000,0.0000257867,0.0000041733,3.5049646119,0.0000000000,1.1454443399,0.0000000000,0.7952214170,2.2218907449,22
0.1043461926,1.9710702776,0.5265173435,0.0000000000,-0.0000000000,-0.0000000000,0.0000000000,0,0.0000000000,0,0.0000000000,0.0000000000,0.0000000000,-0.0000000000,-0.0000000000,0.0000000000,0,0.0000000000,0,0.0000000000,0.0000000000,0.0000000000,-0.0000000000,-0.0000000000,0.0000000000,0,0.0000000000,0,0.0000000000,0.0000000000,163.8553483489,16.2047832267,0.0000000000,0.0000000000,0.0000002225,0.0000068183,1.9668601742,0.0000000000,2.3899175482,0.0000000000,,2.1339425946,23
